split_name,feature_setting,feature,group,correlation,monotonicity,robustness,total_score
cross_train_C1_C2_test_C3,selected_top30,v_abs_mean,time,0.7360150976162549,0.2043771912184033,0.9833548423526437,0.5480939095307532
cross_train_C1_C2_test_C3,selected_top30,v_rms,time,0.7282193770063021,0.19946346189273292,0.9827516927961528,0.5421702425398596
cross_train_C1_C2_test_C3,selected_top30,v_std,time,0.7284071036247901,0.19174307391366918,0.9828301060970447,0.5391837919875672
cross_train_C1_C2_test_C3,selected_top30,h_abs_mean,time,0.7369980718758751,0.17952669175308061,0.982013312538415,0.5385110438930113
cross_train_C1_C2_test_C3,selected_top30,h_wpt_l3_b2_rms,wavelet,0.7466001368326458,0.14713802331548975,0.975393684911759,0.5296946462336948
cross_train_C1_C2_test_C3,selected_top30,h_std,time,0.7267309088259961,0.17044474609531304,0.9804307672948939,0.5295864295806126
cross_train_C1_C2_test_C3,selected_top30,h_wpt_l3_b6_rms,wavelet,0.7380768327708478,0.15564982572306058,0.972488560788821,0.5285472027535302
cross_train_C1_C2_test_C3,selected_top30,h_rms,time,0.7266160895959446,0.1677222891264446,0.9801633984939534,0.5284133002979454
cross_train_C1_C2_test_C3,selected_top30,v_wpt_l3_b2_rms,wavelet,0.710834855086094,0.1861843563846464,0.9742191487678264,0.5273130849736882
cross_train_C1_C2_test_C3,selected_top30,v_wpt_l3_b7_rms,wavelet,0.7462276167072093,0.14151179347816306,0.9741680405624167,0.5271353298011116
cross_train_C1_C2_test_C3,selected_top30,v_wpt_l3_b1_rms,wavelet,0.7361112430205532,0.14023082243054208,0.967774247309094,0.5209253752134029
cross_train_C1_C2_test_C3,selected_top30,v_wpt_l3_b5_rms,wavelet,0.7454333822072539,0.1242886690567202,0.9766043803394492,0.5200925967602599
cross_train_C1_C2_test_C3,selected_top30,v_band_energy_5k_10k,frequency,0.6907951800344427,0.19517780080620903,0.9532099060320068,0.5187897009429057
cross_train_C1_C2_test_C3,selected_top30,v_wpt_l3_b4_rms,wavelet,0.7532894325677653,0.11145399906930117,0.9745570683719809,0.5186820227488012
cross_train_C1_C2_test_C3,selected_top30,h_wpt_l3_b4_rms,wavelet,0.7340313833519538,0.13390494139774411,0.969216636521979,0.5174993318872725
cross_train_C1_C2_test_C3,selected_top30,v_band_energy_10k_nyquist,frequency,0.7217766929245315,0.1503252852089984,0.9354404530252685,0.514562505848392
cross_train_C1_C2_test_C3,selected_top30,v_wpt_l3_b8_rms,wavelet,0.7353347672482305,0.12269865775752464,0.9664572222187349,0.5133925689489987
cross_train_C1_C2_test_C3,selected_top30,h_wpt_l3_b5_rms,wavelet,0.7278229939460199,0.12323898429951141,0.9690326354715235,0.5101103542399669
cross_train_C1_C2_test_C3,selected_top30,v_wpt_l3_b6_rms,wavelet,0.7254218732939837,0.12163221965486301,0.9760160499087038,0.5089654294998074
cross_train_C1_C2_test_C3,selected_top30,h_wpt_l3_b8_rms,wavelet,0.7364247017610385,0.10286785618985952,0.9702695877950525,0.5063864521359683
cross_train_C1_C2_test_C3,selected_top30,v_band_ratio_2k_5k,frequency,0.7360676007752882,0.1053212354548406,0.9542844206531478,0.5055907366348952
cross_train_C1_C2_test_C3,selected_top30,v_wpt_l3_b3_rms,wavelet,0.7048794581528797,0.13492372420959975,0.9737784060930103,0.5037870593695808
cross_train_C1_C2_test_C3,selected_top30,h_wpt_l3_b7_rms,wavelet,0.7261999535181461,0.0929629640919189,0.9701129634762039,0.497296458743461
cross_train_C1_C2_test_C3,selected_top30,h_band_energy_5k_10k,frequency,0.6861794741481813,0.14686260780164137,0.9532443523484055,0.49715921542958774
cross_train_C1_C2_test_C3,selected_top30,v_wav_cd1_energy,wavelet,0.6667135134831056,0.17070947581006685,0.9519470260102182,0.49683524966660136
cross_train_C1_C2_test_C3,selected_top30,v_wav_cd1_var,wavelet,0.6667097557965027,0.16660710109300625,0.951944482520891,0.49519216658754295
cross_train_C1_C2_test_C3,selected_top30,h_wpt_l3_b1_rms,wavelet,0.7090656973470625,0.10922550811673509,0.9644698182840348,0.4946700337486288
cross_train_C1_C2_test_C3,selected_top30,h_wpt_l3_b3_rms,wavelet,0.6933859271458873,0.11689655768596378,0.966546130053776,0.49010619965270674
cross_train_C1_C2_test_C3,selected_top30,h_peak_to_peak,time,0.7259034724705391,0.08111668757440257,0.9141081587899653,0.4868092271440271
cross_train_C1_C2_test_C3,selected_top30,h_band_energy_10k_nyquist,frequency,0.6948642301100934,0.11981522284423735,0.9059541682775436,0.48595362102049594
cross_train_C1_C2_test_C3,selected_top60,v_abs_mean,time,0.7360150976162549,0.2043771912184033,0.9833548423526437,0.5480939095307532
cross_train_C1_C2_test_C3,selected_top60,v_rms,time,0.7282193770063021,0.19946346189273292,0.9827516927961528,0.5421702425398596
cross_train_C1_C2_test_C3,selected_top60,v_std,time,0.7284071036247901,0.19174307391366918,0.9828301060970447,0.5391837919875672
cross_train_C1_C2_test_C3,selected_top60,h_abs_mean,time,0.7369980718758751,0.17952669175308061,0.982013312538415,0.5385110438930113
cross_train_C1_C2_test_C3,selected_top60,h_wpt_l3_b2_rms,wavelet,0.7466001368326458,0.14713802331548975,0.975393684911759,0.5296946462336948
cross_train_C1_C2_test_C3,selected_top60,h_std,time,0.7267309088259961,0.17044474609531304,0.9804307672948939,0.5295864295806126
cross_train_C1_C2_test_C3,selected_top60,h_wpt_l3_b6_rms,wavelet,0.7380768327708478,0.15564982572306058,0.972488560788821,0.5285472027535302
cross_train_C1_C2_test_C3,selected_top60,h_rms,time,0.7266160895959446,0.1677222891264446,0.9801633984939534,0.5284133002979454
cross_train_C1_C2_test_C3,selected_top60,v_wpt_l3_b2_rms,wavelet,0.710834855086094,0.1861843563846464,0.9742191487678264,0.5273130849736882
cross_train_C1_C2_test_C3,selected_top60,v_wpt_l3_b7_rms,wavelet,0.7462276167072093,0.14151179347816306,0.9741680405624167,0.5271353298011116
cross_train_C1_C2_test_C3,selected_top60,v_wpt_l3_b1_rms,wavelet,0.7361112430205532,0.14023082243054208,0.967774247309094,0.5209253752134029
cross_train_C1_C2_test_C3,selected_top60,v_wpt_l3_b5_rms,wavelet,0.7454333822072539,0.1242886690567202,0.9766043803394492,0.5200925967602599
cross_train_C1_C2_test_C3,selected_top60,v_band_energy_5k_10k,frequency,0.6907951800344427,0.19517780080620903,0.9532099060320068,0.5187897009429057
cross_train_C1_C2_test_C3,selected_top60,v_wpt_l3_b4_rms,wavelet,0.7532894325677653,0.11145399906930117,0.9745570683719809,0.5186820227488012
cross_train_C1_C2_test_C3,selected_top60,h_wpt_l3_b4_rms,wavelet,0.7340313833519538,0.13390494139774411,0.969216636521979,0.5174993318872725
cross_train_C1_C2_test_C3,selected_top60,v_band_energy_10k_nyquist,frequency,0.7217766929245315,0.1503252852089984,0.9354404530252685,0.514562505848392
cross_train_C1_C2_test_C3,selected_top60,v_wpt_l3_b8_rms,wavelet,0.7353347672482305,0.12269865775752464,0.9664572222187349,0.5133925689489987
cross_train_C1_C2_test_C3,selected_top60,h_wpt_l3_b5_rms,wavelet,0.7278229939460199,0.12323898429951141,0.9690326354715235,0.5101103542399669
cross_train_C1_C2_test_C3,selected_top60,v_wpt_l3_b6_rms,wavelet,0.7254218732939837,0.12163221965486301,0.9760160499087038,0.5089654294998074
cross_train_C1_C2_test_C3,selected_top60,h_wpt_l3_b8_rms,wavelet,0.7364247017610385,0.10286785618985952,0.9702695877950525,0.5063864521359683
cross_train_C1_C2_test_C3,selected_top60,v_band_ratio_2k_5k,frequency,0.7360676007752882,0.1053212354548406,0.9542844206531478,0.5055907366348952
cross_train_C1_C2_test_C3,selected_top60,v_wpt_l3_b3_rms,wavelet,0.7048794581528797,0.13492372420959975,0.9737784060930103,0.5037870593695808
cross_train_C1_C2_test_C3,selected_top60,h_wpt_l3_b7_rms,wavelet,0.7261999535181461,0.0929629640919189,0.9701129634762039,0.497296458743461
cross_train_C1_C2_test_C3,selected_top60,h_band_energy_5k_10k,frequency,0.6861794741481813,0.14686260780164137,0.9532443523484055,0.49715921542958774
cross_train_C1_C2_test_C3,selected_top60,v_wav_cd1_energy,wavelet,0.6667135134831056,0.17070947581006685,0.9519470260102182,0.49683524966660136
cross_train_C1_C2_test_C3,selected_top60,v_wav_cd1_var,wavelet,0.6667097557965027,0.16660710109300625,0.951944482520891,0.49519216658754295
cross_train_C1_C2_test_C3,selected_top60,h_wpt_l3_b1_rms,wavelet,0.7090656973470625,0.10922550811673509,0.9644698182840348,0.4946700337486288
cross_train_C1_C2_test_C3,selected_top60,h_wpt_l3_b3_rms,wavelet,0.6933859271458873,0.11689655768596378,0.966546130053776,0.49010619965270674
cross_train_C1_C2_test_C3,selected_top60,h_peak_to_peak,time,0.7259034724705391,0.08111668757440257,0.9141081587899653,0.4868092271440271
cross_train_C1_C2_test_C3,selected_top60,h_band_energy_10k_nyquist,frequency,0.6948642301100934,0.11981522284423735,0.9059541682775436,0.48595362102049594
cross_train_C1_C2_test_C3,selected_top60,v_max_abs,time,0.719639502975234,0.08473261049765703,0.9209792227780278,0.4858107179644826
cross_train_C1_C2_test_C3,selected_top60,v_spectral_energy,frequency,0.6152549398706297,0.20210358470021128,0.9589778282532494,0.48436668664072435
cross_train_C1_C2_test_C3,selected_top60,v_wpt_l3_b5_energy,wavelet,0.6788964300698974,0.1242886690567202,0.9508831718194641,0.4842519998395832
cross_train_C1_C2_test_C3,selected_top60,v_peak_to_peak,time,0.720137245228361,0.07699927089115083,0.9300949190900086,0.4838778228796417
cross_train_C1_C2_test_C3,selected_top60,v_energy,time,0.615326933248613,0.19946346189273292,0.9591769765343698,0.48336654903483667
cross_train_C1_C2_test_C3,selected_top60,v_min,time,0.7154696943267049,0.0782888250892192,0.9129942282344152,0.4803498000224816
cross_train_C1_C2_test_C3,selected_top60,v_wpt_l3_b7_energy,wavelet,0.6547060193459929,0.14151179347816306,0.9422376700950998,0.47818149407377164
cross_train_C1_C2_test_C3,selected_top60,v_max,time,0.7148531186882275,0.07086472322574097,0.9191026104145166,0.47768270967586185
cross_train_C1_C2_test_C3,selected_top60,h_wpt_l3_b6_energy_ratio,wavelet,0.7191698033355789,0.054283902782035265,0.9598609221018183,0.47728455499078537
cross_train_C1_C2_test_C3,selected_top60,v_wpt_l3_b4_energy,wavelet,0.6698189170931241,0.11145399906930117,0.9469236095737201,0.4741834191316545
cross_train_C1_C2_test_C3,selected_top60,h_max_abs,time,0.7208911536552043,0.05640778643567836,0.9022082657940775,0.47322951798128127
cross_train_C1_C2_test_C3,selected_top60,h_wpt_l3_b2_energy,wavelet,0.6378578307975589,0.14713802331548975,0.9456525514698422,0.4723493798719596
cross_train_C1_C2_test_C3,selected_top60,h_wav_cd3_energy,wavelet,0.6378578307975589,0.14713802331548975,0.9456525514698422,0.4723493798719596
cross_train_C1_C2_test_C3,selected_top60,h_energy,time,0.6169948827505197,0.1677222891264446,0.950115148323645,0.47059787185820223
cross_train_C1_C2_test_C3,selected_top60,v_band_energy_0_2k,frequency,0.6022282617751225,0.18279478568953955,0.9531063609646336,0.46954268125984044
cross_train_C1_C2_test_C3,selected_top60,v_wpt_l3_b8_energy,wavelet,0.6560278799015199,0.12269865775752464,0.923381662561449,0.4694315693099147
cross_train_C1_C2_test_C3,selected_top60,h_spectral_energy,frequency,0.6170150654129714,0.16502896573607606,0.9486359728804099,0.4693827162889571
cross_train_C1_C2_test_C3,selected_top60,h_wpt_l3_b6_energy,wavelet,0.6272882270220548,0.15564982572306058,0.9327352829823203,0.46917757209848365
cross_train_C1_C2_test_C3,selected_top60,h_wav_cd1_energy,wavelet,0.6256637900809712,0.15225184347057,0.941045738196066,0.46783720624832015
cross_train_C1_C2_test_C3,selected_top60,h_min,time,0.7200896600688109,0.04296043008229109,0.8999129580988335,0.46722029787720526
cross_train_C1_C2_test_C3,selected_top60,h_max,time,0.7172147071039954,0.047443997557160986,0.8959134679972159,0.46717629937458366
cross_train_C1_C2_test_C3,selected_top60,v_wpt_l3_b6_energy,wavelet,0.6452128541263467,0.12163221965486301,0.9458353911284498,0.46584285403796355
cross_train_C1_C2_test_C3,selected_top60,h_wav_cd1_var,wavelet,0.6256543192711734,0.14695211567633465,0.9410221992520797,0.4657102258313286
cross_train_C1_C2_test_C3,selected_top60,h_wav_cd3_var,wavelet,0.6370770918334616,0.12924834981808328,0.9445155990663892,0.464689445750603
cross_train_C1_C2_test_C3,selected_top60,v_wav_cd3_var,wavelet,0.5813968462336241,0.19017552238817423,0.9422949070319089,0.46099812277527263
cross_train_C1_C2_test_C3,selected_top60,h_band_ratio_5k_10k,frequency,0.6804700665453629,0.06134851390714715,0.9576806879367293,0.4605425076292133
cross_train_C1_C2_test_C3,selected_top60,v_wpt_l3_b1_energy,wavelet,0.6225191826557654,0.14023082243054208,0.9302443712279178,0.46037635742289135
cross_train_C1_C2_test_C3,selected_top60,v_wav_ca3_energy,wavelet,0.6225191826557654,0.14023082243054208,0.9302443712279178,0.46037635742289135
cross_train_C1_C2_test_C3,selected_top60,v_wpt_l3_b8_energy_ratio,wavelet,0.7190904204636268,0.01866657303280994,0.9329647721215966,0.46030831665709704
cross_train_C1_C2_test_C3,selected_top60,v_wav_cd3_energy,wavelet,0.5816537289423619,0.1861843563846464,0.942043631260449,0.45950497015108444
cross_train_C1_C3_test_C2,selected_top30,v_band_ratio_2k_5k,frequency,0.745333160384781,0.068384804306845,0.9593546571441063,0.49595596762953914
cross_train_C1_C3_test_C2,selected_top30,h_band_ratio_2k_5k,frequency,0.7077243782686765,0.056540328850640975,0.9585923144508408,0.4723375521196787
cross_train_C1_C3_test_C2,selected_top30,v_band_ratio_5k_10k,frequency,0.709789850226394,0.028857729141546575,0.9552240300527584,0.4619604197750915
cross_train_C1_C3_test_C2,selected_top30,h_band_ratio_5k_10k,frequency,0.6791526731974469,0.0409866690146967,0.9666296399894132,0.4526339682035434
cross_train_C1_C3_test_C2,selected_top30,v_abs_mean,time,0.5891815589961605,0.1407922025954004,0.9818532572629555,0.449092986262536
cross_train_C1_C3_test_C2,selected_top30,v_wpt_l3_b7_energy_ratio,wavelet,0.6815483190813703,0.02779642285607445,0.9509021843851491,0.4469829471216298
cross_train_C1_C3_test_C2,selected_top30,h_abs_mean,time,0.5968213158655097,0.11702008031097932,0.9799651834880858,0.44321520840595513
cross_train_C1_C3_test_C2,selected_top30,h_band_ratio_0_2k,frequency,0.6605845931070076,0.04141047415804507,0.9620482027482382,0.4430613064915456
cross_train_C1_C3_test_C2,selected_top30,v_wpt_l3_b2_energy_ratio,wavelet,0.6656835740453457,0.03269971212007844,0.9657435297308259,0.4424960248437868
cross_train_C1_C3_test_C2,selected_top30,v_rms,time,0.5757367169975037,0.13716820553408735,0.9813210882905989,0.4408677495414467
cross_train_C1_C3_test_C2,selected_top30,v_band_ratio_0_2k,frequency,0.6473079704536822,0.047187730367230105,0.9787036390830762,0.4403994412820407
cross_train_C1_C3_test_C2,selected_top30,h_std,time,0.5850774181746239,0.11995204527560185,0.9784761616844064,0.43836714336599336
cross_train_C1_C3_test_C2,selected_top30,h_rms,time,0.585010615481089,0.1163494559158662,0.978241875383499,0.4368692776452409
cross_train_C1_C3_test_C2,selected_top30,v_wpt_l3_b1_rms,wavelet,0.6120927225310914,0.08439700654961786,0.9694674632804168,0.4367519102134345
cross_train_C1_C3_test_C2,selected_top30,v_std,time,0.5759028360457249,0.12582064282043653,0.9814043916759981,0.4364201143186369
cross_train_C1_C3_test_C2,selected_top30,h_wpt_l3_b6_rms,wavelet,0.5948879897000408,0.0990986690634145,0.9701994437889832,0.4341034068542845
cross_train_C1_C3_test_C2,selected_top30,v_spectral_entropy,frequency,0.6491806513929523,0.024939388044951966,0.9870333803720311,0.43326941895166005
cross_train_C1_C3_test_C2,selected_top30,v_wpt_l3_b2_rms,wavelet,0.5704230742157147,0.11928448212913094,0.9702153545369618,0.4299468654132059
cross_train_C1_C3_test_C2,selected_top30,h_wpt_l3_b2_rms,wavelet,0.6008227254239167,0.07959916699890068,0.9725493066064158,0.42950596017216025
cross_train_C1_C3_test_C2,selected_top30,h_wpt_l3_b8_energy_ratio,wavelet,0.6487096917929192,0.02594087295545787,0.9470320040037896,0.42943439547902174
cross_train_C1_C3_test_C2,selected_top30,h_wpt_l3_b4_rms,wavelet,0.6049620162025063,0.07371784558579894,0.9705913700952982,0.4290272833451026
cross_train_C1_C3_test_C2,selected_top30,v_wpt_l3_b7_rms,wavelet,0.5983889277068675,0.0795548358734207,0.9701617769844476,0.4280325759012468
cross_train_C1_C3_test_C2,selected_top30,h_wpt_l3_b5_rms,wavelet,0.6030727433101801,0.07220304422672548,0.9721250811113546,0.4276300974569157
cross_train_C1_C3_test_C2,selected_top30,v_wpt_l3_b5_rms,wavelet,0.5957286709473167,0.0802061271788087,0.975106603311938,0.4274574466763757
cross_train_C1_C3_test_C2,selected_top30,v_wpt_l3_b6_rms,wavelet,0.58679490845935,0.09017172020850431,0.9738745521937653,0.4268535975324533
cross_train_C1_C3_test_C2,selected_top30,v_band_energy_10k_nyquist,frequency,0.6018703356614536,0.0794803422103047,0.9395889481458819,0.42668619952943687
cross_train_C1_C3_test_C2,selected_top30,h_wpt_l3_b7_energy_ratio,wavelet,0.6341764426783945,0.03604551098088039,0.9517345418313123,0.4266798799146806
cross_train_C1_C3_test_C2,selected_top30,v_wpt_l3_b8_energy_ratio,wavelet,0.654399319427448,0.011993732570696608,0.9397802173423448,0.4259751744762371
cross_train_C1_C3_test_C2,selected_top30,v_wpt_l3_b8_rms,wavelet,0.5953237054784293,0.06762872574786831,0.9644944373823894,0.4211627867766009
cross_train_C1_C3_test_C2,selected_top30,v_band_energy_5k_10k,frequency,0.559895610956527,0.11402811101321744,0.9413638650553495,0.4196954363890854
cross_train_C1_C3_test_C2,selected_top60,v_band_ratio_2k_5k,frequency,0.745333160384781,0.068384804306845,0.9593546571441063,0.49595596762953914
cross_train_C1_C3_test_C2,selected_top60,h_band_ratio_2k_5k,frequency,0.7077243782686765,0.056540328850640975,0.9585923144508408,0.4723375521196787
cross_train_C1_C3_test_C2,selected_top60,v_band_ratio_5k_10k,frequency,0.709789850226394,0.028857729141546575,0.9552240300527584,0.4619604197750915
cross_train_C1_C3_test_C2,selected_top60,h_band_ratio_5k_10k,frequency,0.6791526731974469,0.0409866690146967,0.9666296399894132,0.4526339682035434
cross_train_C1_C3_test_C2,selected_top60,v_abs_mean,time,0.5891815589961605,0.1407922025954004,0.9818532572629555,0.449092986262536
cross_train_C1_C3_test_C2,selected_top60,v_wpt_l3_b7_energy_ratio,wavelet,0.6815483190813703,0.02779642285607445,0.9509021843851491,0.4469829471216298
cross_train_C1_C3_test_C2,selected_top60,h_abs_mean,time,0.5968213158655097,0.11702008031097932,0.9799651834880858,0.44321520840595513
cross_train_C1_C3_test_C2,selected_top60,h_band_ratio_0_2k,frequency,0.6605845931070076,0.04141047415804507,0.9620482027482382,0.4430613064915456
cross_train_C1_C3_test_C2,selected_top60,v_wpt_l3_b2_energy_ratio,wavelet,0.6656835740453457,0.03269971212007844,0.9657435297308259,0.4424960248437868
cross_train_C1_C3_test_C2,selected_top60,v_rms,time,0.5757367169975037,0.13716820553408735,0.9813210882905989,0.4408677495414467
cross_train_C1_C3_test_C2,selected_top60,v_band_ratio_0_2k,frequency,0.6473079704536822,0.047187730367230105,0.9787036390830762,0.4403994412820407
cross_train_C1_C3_test_C2,selected_top60,h_std,time,0.5850774181746239,0.11995204527560185,0.9784761616844064,0.43836714336599336
cross_train_C1_C3_test_C2,selected_top60,h_rms,time,0.585010615481089,0.1163494559158662,0.978241875383499,0.4368692776452409
cross_train_C1_C3_test_C2,selected_top60,v_wpt_l3_b1_rms,wavelet,0.6120927225310914,0.08439700654961786,0.9694674632804168,0.4367519102134345
cross_train_C1_C3_test_C2,selected_top60,v_std,time,0.5759028360457249,0.12582064282043653,0.9814043916759981,0.4364201143186369
cross_train_C1_C3_test_C2,selected_top60,h_wpt_l3_b6_rms,wavelet,0.5948879897000408,0.0990986690634145,0.9701994437889832,0.4341034068542845
cross_train_C1_C3_test_C2,selected_top60,v_spectral_entropy,frequency,0.6491806513929523,0.024939388044951966,0.9870333803720311,0.43326941895166005
cross_train_C1_C3_test_C2,selected_top60,v_wpt_l3_b2_rms,wavelet,0.5704230742157147,0.11928448212913094,0.9702153545369618,0.4299468654132059
cross_train_C1_C3_test_C2,selected_top60,h_wpt_l3_b2_rms,wavelet,0.6008227254239167,0.07959916699890068,0.9725493066064158,0.42950596017216025
cross_train_C1_C3_test_C2,selected_top60,h_wpt_l3_b8_energy_ratio,wavelet,0.6487096917929192,0.02594087295545787,0.9470320040037896,0.42943439547902174
cross_train_C1_C3_test_C2,selected_top60,h_wpt_l3_b4_rms,wavelet,0.6049620162025063,0.07371784558579894,0.9705913700952982,0.4290272833451026
cross_train_C1_C3_test_C2,selected_top60,v_wpt_l3_b7_rms,wavelet,0.5983889277068675,0.0795548358734207,0.9701617769844476,0.4280325759012468
cross_train_C1_C3_test_C2,selected_top60,h_wpt_l3_b5_rms,wavelet,0.6030727433101801,0.07220304422672548,0.9721250811113546,0.4276300974569157
cross_train_C1_C3_test_C2,selected_top60,v_wpt_l3_b5_rms,wavelet,0.5957286709473167,0.0802061271788087,0.975106603311938,0.4274574466763757
cross_train_C1_C3_test_C2,selected_top60,v_wpt_l3_b6_rms,wavelet,0.58679490845935,0.09017172020850431,0.9738745521937653,0.4268535975324533
cross_train_C1_C3_test_C2,selected_top60,v_band_energy_10k_nyquist,frequency,0.6018703356614536,0.0794803422103047,0.9395889481458819,0.42668619952943687
cross_train_C1_C3_test_C2,selected_top60,h_wpt_l3_b7_energy_ratio,wavelet,0.6341764426783945,0.03604551098088039,0.9517345418313123,0.4266798799146806
cross_train_C1_C3_test_C2,selected_top60,v_wpt_l3_b8_energy_ratio,wavelet,0.654399319427448,0.011993732570696608,0.9397802173423448,0.4259751744762371
cross_train_C1_C3_test_C2,selected_top60,v_wpt_l3_b8_rms,wavelet,0.5953237054784293,0.06762872574786831,0.9644944373823894,0.4211627867766009
cross_train_C1_C3_test_C2,selected_top60,v_band_energy_5k_10k,frequency,0.559895610956527,0.11402811101321744,0.9413638650553495,0.4196954363890854
cross_train_C1_C3_test_C2,selected_top60,v_spectral_centroid,frequency,0.607867151226939,0.03472808008079579,0.971813969595892,0.415006204605377
cross_train_C1_C3_test_C2,selected_top60,h_wpt_l3_b6_energy_ratio,wavelet,0.6157208316345317,0.02466316447371864,0.9607390859611189,0.41379959020286516
cross_train_C1_C3_test_C2,selected_top60,h_band_energy_5k_10k,frequency,0.5553977309039528,0.09952424050137429,0.9506781761668402,0.4125763792692102
cross_train_C1_C3_test_C2,selected_top60,h_wpt_l3_b3_rms,wavelet,0.5527399972140896,0.09868983789027586,0.9633507931527776,0.4121810130784329
cross_train_C1_C3_test_C2,selected_top60,h_wpt_l3_b3_energy_ratio,wavelet,0.6058455309116807,0.029269385129592845,0.9598145581675377,0.4106119753244313
cross_train_C1_C3_test_C2,selected_top60,h_wpt_l3_b1_rms,wavelet,0.5752000071906358,0.06331119796348275,0.9661013916406032,0.4095346219447713
cross_train_C1_C3_test_C2,selected_top60,h_wpt_l3_b8_rms,wavelet,0.5642756406659508,0.07589586938437508,0.9676892762407433,0.4092650957107998
cross_train_C1_C3_test_C2,selected_top60,h_spectral_entropy,frequency,0.604539181895191,0.019230811502548264,0.987541131302873,0.4087160286789021
cross_train_C1_C3_test_C2,selected_top60,v_band_ratio_10k_nyquist,frequency,0.5907530018723381,0.04385464017882508,0.9470644772372477,0.4076248047314239
cross_train_C1_C3_test_C2,selected_top60,h_wpt_l3_b7_rms,wavelet,0.5662585352461086,0.06633236412791385,0.9675780898531313,0.406420022259533
cross_train_C1_C3_test_C2,selected_top60,v_wpt_l3_b3_rms,wavelet,0.5358714442471881,0.0984657208911526,0.9724765364049126,0.4045696641205464
cross_train_C1_C3_test_C2,selected_top60,v_wpt_l3_b4_rms,wavelet,0.5575285038874717,0.05976352170850809,0.9749250455053402,0.4001621651776731
cross_train_C1_C3_test_C2,selected_top60,v_wpt_l3_b6_energy_ratio,wavelet,0.5775835642525972,0.03730124906307919,0.9579261792406198,0.3995048996755922
cross_train_C1_C3_test_C2,selected_top60,v_wav_cd1_energy,wavelet,0.5236340212066137,0.08753281107882349,0.9489424244117612,0.39172437747601235
cross_train_C1_C3_test_C2,selected_top60,v_wav_cd1_var,wavelet,0.5236091272037855,0.08536966965128669,0.9489466451186023,0.39084709597426764
cross_train_C1_C3_test_C2,selected_top60,h_peak_to_peak,time,0.5615786234597948,0.04062677591225165,0.9167141755847685,0.3887114396532749
cross_train_C1_C3_test_C2,selected_top60,v_wpt_l3_b6_energy,wavelet,0.5150658820813592,0.09017172020850431,0.941546081380572,0.38775623726213854
cross_train_C1_C3_test_C2,selected_top60,v_wpt_l3_b5_energy,wavelet,0.5210497495349979,0.0802061271788087,0.9478425156675309,0.38739157720577555
cross_train_C1_C3_test_C2,selected_top60,h_band_energy_10k_nyquist,frequency,0.5394590416491023,0.06705625643039011,0.9065358383623128,0.38720560723293845
cross_train_C1_C3_test_C2,selected_top60,h_max,time,0.5601325630950663,0.03420374067629614,0.8999471360864777,0.38374249142669936
cross_train_C1_C3_test_C2,selected_top60,h_wav_cd1_energy,wavelet,0.5026628184536737,0.09484002184328096,0.9402311501297866,0.3832905329771279
cross_train_C1_C3_test_C2,selected_top60,h_wpt_l3_b6_energy,wavelet,0.5013863463440135,0.0990986690634145,0.9285976857199034,0.3831924093693629
cross_train_C1_C3_test_C2,selected_top60,h_max_abs,time,0.5540373882552698,0.03837288842904207,0.9050718150227081,0.3828750310015226
cross_train_C1_C3_test_C2,selected_top60,h_wpt_l3_b5_energy,wavelet,0.5201940323391526,0.07220304422672548,0.9376761897729744,0.38274585283756396
cross_train_C1_C3_test_C2,selected_top60,v_wpt_l3_b8_energy,wavelet,0.526877417633181,0.06762872574786831,0.919280198845777,0.38241821900031553
cross_train_C1_C3_test_C2,selected_top60,h_energy,time,0.4802582268286149,0.1163494559158662,0.9465661847867691,0.3813255142593308
cross_train_C1_C3_test_C2,selected_top60,v_wpt_l3_b7_energy,wavelet,0.5118887423628408,0.0795548358734207,0.9340978835005036,0.381176093880839
cross_train_C1_C3_test_C2,selected_top60,v_wav_ca3_var,wavelet,0.5049856041549614,0.08708856627852243,0.9360628942845566,0.38093451801734535
cross_train_C1_C3_test_C2,selected_top60,h_spectral_energy,frequency,0.4802865102702853,0.11490402178777546,0.9453209188805591,0.3806369557383088
cross_train_C1_C3_test_C2,selected_top60,h_wav_cd1_var,wavelet,0.5026357985160482,0.0872266560615873,0.940220093588859,0.3802305710415449
cross_train_C2_C3_test_C1,selected_top30,v_band_ratio_2k_5k,frequency,0.6684299976340646,0.04706352955515601,0.9484356901977375,0.4478839796588685
cross_train_C2_C3_test_C1,selected_top30,v_band_energy_10k_nyquist,frequency,0.57834938608664,0.11614075949796608,0.9435004220997187,0.4299810390524783
cross_train_C2_C3_test_C1,selected_top30,h_abs_mean,time,0.5922726258343528,0.0880828412837901,0.9810660861538365,0.42947605804607614
cross_train_C2_C3_test_C1,selected_top30,h_wpt_l3_b7_energy_ratio,wavelet,0.645173650229769,0.02784262715511355,0.9483854393493705,0.428562419911867
cross_train_C2_C3_test_C1,selected_top30,h_wpt_l3_b2_rms,wavelet,0.5890306053860094,0.08968660607632699,0.9739807940736498,0.4277880245309005
cross_train_C2_C3_test_C1,selected_top30,v_wpt_l3_b2_rms,wavelet,0.5893015333135208,0.08770743561323309,0.9709039457674088,0.4268241354787945
cross_train_C2_C3_test_C1,selected_top30,h_wpt_l3_b1_rms,wavelet,0.593668346628385,0.08066141159886314,0.9656140075137363,0.4256601387051114
cross_train_C2_C3_test_C1,selected_top30,v_wpt_l3_b7_rms,wavelet,0.58048923259994,0.09185598284743338,0.9720983294993929,0.42419684238888267
cross_train_C2_C3_test_C1,selected_top30,h_wpt_l3_b4_rms,wavelet,0.5920657584590087,0.07714654752985882,0.9729324229900854,0.4241847405404564
cross_train_C2_C3_test_C1,selected_top30,h_rms,time,0.5908515848691542,0.07339646154198246,0.9809030606250744,0.42287468311387755
cross_train_C2_C3_test_C1,selected_top30,h_std,time,0.5908201756017512,0.07145704506066919,0.9809221352892203,0.4220851193540653
cross_train_C2_C3_test_C1,selected_top30,v_wpt_l3_b8_rms,wavelet,0.5740815820588412,0.09478164051922688,0.9648371480642586,0.4214371620435372
cross_train_C2_C3_test_C1,selected_top30,v_wpt_l3_b1_rms,wavelet,0.5906557835856943,0.07295947614705513,0.9636713686449072,0.4208788191161599
cross_train_C2_C3_test_C1,selected_top30,v_band_energy_5k_10k,frequency,0.5583137305829817,0.11670920504864213,0.9479480183127064,0.42063534914221834
cross_train_C2_C3_test_C1,selected_top30,v_abs_mean,time,0.5801800838392018,0.08030353276758159,0.9817413226652743,0.420385587293161
cross_train_C2_C3_test_C1,selected_top30,v_rms,time,0.5775616128361207,0.08308752769207356,0.9819158351257639,0.4202074010074662
cross_train_C2_C3_test_C1,selected_top30,v_std,time,0.5775478257534606,0.0804807611207518,0.9819368154509065,0.4191598988701217
cross_train_C2_C3_test_C1,selected_top30,h_wpt_l3_b6_energy_ratio,wavelet,0.6045469929840666,0.05031437277077483,0.9616712309046441,0.41856636869080766
cross_train_C2_C3_test_C1,selected_top30,v_wpt_l3_b7_energy_ratio,wavelet,0.6186455280187362,0.033450629223177826,0.9477218358691131,0.41747519928555055
cross_train_C2_C3_test_C1,selected_top30,h_wpt_l3_b6_rms,wavelet,0.5821488154263317,0.06985894525018076,0.9748155082041223,0.41649953663365036
cross_train_C2_C3_test_C1,selected_top30,h_wpt_l3_b5_rms,wavelet,0.5873253719563076,0.06341121876507529,0.9713057897032163,0.41615775245450554
cross_train_C2_C3_test_C1,selected_top30,v_wpt_l3_b6_rms,wavelet,0.5816302719664945,0.06914401707141657,0.9747527974824413,0.41594802256005803
cross_train_C2_C3_test_C1,selected_top30,h_band_ratio_2k_5k,frequency,0.6160984112775545,0.027162233910427182,0.9549380869529995,0.41440790789824805
cross_train_C2_C3_test_C1,selected_top30,v_band_ratio_5k_10k,frequency,0.6127547566598213,0.031015510856154678,0.9476298908906315,0.41354657176143567
cross_train_C2_C3_test_C1,selected_top30,v_wpt_l3_b5_rms,wavelet,0.5774723823767799,0.061510463938022064,0.9769257704599543,0.4110329538095942
cross_train_C2_C3_test_C1,selected_top30,v_wpt_l3_b8_energy_ratio,wavelet,0.6192747023821725,0.01971875918159524,0.9304905170191884,0.4105739065656432
cross_train_C2_C3_test_C1,selected_top30,v_wav_cd1_energy,wavelet,0.5366954727500293,0.11203943518754317,0.9571848908868577,0.4088819995387176
cross_train_C2_C3_test_C1,selected_top30,v_wav_cd1_var,wavelet,0.5366751717052916,0.11085366847706696,0.9571752699032301,0.40839658023379555
cross_train_C2_C3_test_C1,selected_top30,v_band_ratio_0_2k,frequency,0.5927739984278819,0.02923508864408307,0.9782484478860622,0.4059058794601804
cross_train_C2_C3_test_C1,selected_top30,h_band_energy_10k_nyquist,frequency,0.5572136864812214,0.07705809038319765,0.9491238088882936,0.40434246028271914
cross_train_C2_C3_test_C1,selected_top60,v_band_ratio_2k_5k,frequency,0.6684299976340646,0.04706352955515601,0.9484356901977375,0.4478839796588685
cross_train_C2_C3_test_C1,selected_top60,v_band_energy_10k_nyquist,frequency,0.57834938608664,0.11614075949796608,0.9435004220997187,0.4299810390524783
cross_train_C2_C3_test_C1,selected_top60,h_abs_mean,time,0.5922726258343528,0.0880828412837901,0.9810660861538365,0.42947605804607614
cross_train_C2_C3_test_C1,selected_top60,h_wpt_l3_b7_energy_ratio,wavelet,0.645173650229769,0.02784262715511355,0.9483854393493705,0.428562419911867
cross_train_C2_C3_test_C1,selected_top60,h_wpt_l3_b2_rms,wavelet,0.5890306053860094,0.08968660607632699,0.9739807940736498,0.4277880245309005
cross_train_C2_C3_test_C1,selected_top60,v_wpt_l3_b2_rms,wavelet,0.5893015333135208,0.08770743561323309,0.9709039457674088,0.4268241354787945
cross_train_C2_C3_test_C1,selected_top60,h_wpt_l3_b1_rms,wavelet,0.593668346628385,0.08066141159886314,0.9656140075137363,0.4256601387051114
cross_train_C2_C3_test_C1,selected_top60,v_wpt_l3_b7_rms,wavelet,0.58048923259994,0.09185598284743338,0.9720983294993929,0.42419684238888267
cross_train_C2_C3_test_C1,selected_top60,h_wpt_l3_b4_rms,wavelet,0.5920657584590087,0.07714654752985882,0.9729324229900854,0.4241847405404564
cross_train_C2_C3_test_C1,selected_top60,h_rms,time,0.5908515848691542,0.07339646154198246,0.9809030606250744,0.42287468311387755
cross_train_C2_C3_test_C1,selected_top60,h_std,time,0.5908201756017512,0.07145704506066919,0.9809221352892203,0.4220851193540653
cross_train_C2_C3_test_C1,selected_top60,v_wpt_l3_b8_rms,wavelet,0.5740815820588412,0.09478164051922688,0.9648371480642586,0.4214371620435372
cross_train_C2_C3_test_C1,selected_top60,v_wpt_l3_b1_rms,wavelet,0.5906557835856943,0.07295947614705513,0.9636713686449072,0.4208788191161599
cross_train_C2_C3_test_C1,selected_top60,v_band_energy_5k_10k,frequency,0.5583137305829817,0.11670920504864213,0.9479480183127064,0.42063534914221834
cross_train_C2_C3_test_C1,selected_top60,v_abs_mean,time,0.5801800838392018,0.08030353276758159,0.9817413226652743,0.420385587293161
cross_train_C2_C3_test_C1,selected_top60,v_rms,time,0.5775616128361207,0.08308752769207356,0.9819158351257639,0.4202074010074662
cross_train_C2_C3_test_C1,selected_top60,v_std,time,0.5775478257534606,0.0804807611207518,0.9819368154509065,0.4191598988701217
cross_train_C2_C3_test_C1,selected_top60,h_wpt_l3_b6_energy_ratio,wavelet,0.6045469929840666,0.05031437277077483,0.9616712309046441,0.41856636869080766
cross_train_C2_C3_test_C1,selected_top60,v_wpt_l3_b7_energy_ratio,wavelet,0.6186455280187362,0.033450629223177826,0.9477218358691131,0.41747519928555055
cross_train_C2_C3_test_C1,selected_top60,h_wpt_l3_b6_rms,wavelet,0.5821488154263317,0.06985894525018076,0.9748155082041223,0.41649953663365036
cross_train_C2_C3_test_C1,selected_top60,h_wpt_l3_b5_rms,wavelet,0.5873253719563076,0.06341121876507529,0.9713057897032163,0.41615775245450554
cross_train_C2_C3_test_C1,selected_top60,v_wpt_l3_b6_rms,wavelet,0.5816302719664945,0.06914401707141657,0.9747527974824413,0.41594802256005803
cross_train_C2_C3_test_C1,selected_top60,h_band_ratio_2k_5k,frequency,0.6160984112775545,0.027162233910427182,0.9549380869529995,0.41440790789824805
cross_train_C2_C3_test_C1,selected_top60,v_band_ratio_5k_10k,frequency,0.6127547566598213,0.031015510856154678,0.9476298908906315,0.41354657176143567
cross_train_C2_C3_test_C1,selected_top60,v_wpt_l3_b5_rms,wavelet,0.5774723823767799,0.061510463938022064,0.9769257704599543,0.4110329538095942
cross_train_C2_C3_test_C1,selected_top60,v_wpt_l3_b8_energy_ratio,wavelet,0.6192747023821725,0.01971875918159524,0.9304905170191884,0.4105739065656432
cross_train_C2_C3_test_C1,selected_top60,v_wav_cd1_energy,wavelet,0.5366954727500293,0.11203943518754317,0.9571848908868577,0.4088819995387176
cross_train_C2_C3_test_C1,selected_top60,v_wav_cd1_var,wavelet,0.5366751717052916,0.11085366847706696,0.9571752699032301,0.40839658023379555
cross_train_C2_C3_test_C1,selected_top60,v_band_ratio_0_2k,frequency,0.5927739984278819,0.02923508864408307,0.9782484478860622,0.4059058794601804
cross_train_C2_C3_test_C1,selected_top60,h_band_energy_10k_nyquist,frequency,0.5572136864812214,0.07705809038319765,0.9491238088882936,0.40434246028271914
cross_train_C2_C3_test_C1,selected_top60,h_band_ratio_0_2k,frequency,0.5955704049436006,0.025530751536883403,0.963318621989842,0.40432936528553787
cross_train_C2_C3_test_C1,selected_top60,h_wpt_l3_b7_rms,wavelet,0.5702378447562866,0.04930286392219127,0.9747921121454473,0.4023192791615645
cross_train_C2_C3_test_C1,selected_top60,h_band_ratio_5k_10k,frequency,0.5836797350784679,0.0320977284747655,0.9577839082859007,0.40045734975773023
cross_train_C2_C3_test_C1,selected_top60,h_peak_to_peak,time,0.5666635743835475,0.053391323437794055,0.9432729975365921,0.3990156163205506
cross_train_C2_C3_test_C1,selected_top60,h_spectral_entropy,frequency,0.5681348562253509,0.038161656102445436,0.9828447377948588,0.3976165643331395
cross_train_C2_C3_test_C1,selected_top60,h_wpt_l3_b3_rms,wavelet,0.5746935203237069,0.03417229503232287,0.9633752758282583,0.3973532057576084
cross_train_C2_C3_test_C1,selected_top60,h_wpt_l3_b8_rms,wavelet,0.5620280253724879,0.04730609734216691,0.9711932379592305,0.3970557754190337
cross_train_C2_C3_test_C1,selected_top60,h_band_energy_5k_10k,frequency,0.5458995258777218,0.06768784697234825,0.962655743402775,0.3962904760680777
cross_train_C2_C3_test_C1,selected_top60,v_wpt_l3_b4_rms,wavelet,0.5397718235989212,0.07165897313827689,0.9766152504057988,0.39621102609535125
cross_train_C2_C3_test_C1,selected_top60,v_wpt_l3_b7_energy,wavelet,0.5281488341188011,0.09185598284743338,0.9444241979329135,0.3952592299916653
cross_train_C2_C3_test_C1,selected_top60,v_peak_to_peak,time,0.559341501766906,0.052285831045212554,0.9453257185422007,0.39511765515575814
cross_train_C2_C3_test_C1,selected_top60,v_wpt_l3_b8_energy,wavelet,0.527686734563418,0.09478164051922688,0.9300353903553631,0.39475956252493605
cross_train_C2_C3_test_C1,selected_top60,v_wpt_l3_b3_rms,wavelet,0.5536294026586086,0.049525138333592386,0.9727064735892305,0.3938954040216643
cross_train_C2_C3_test_C1,selected_top60,v_min,time,0.5584594566534915,0.0539464081913236,0.9301986836993867,0.3938281599732139
cross_train_C2_C3_test_C1,selected_top60,v_wav_cd3_var,wavelet,0.5183623049599515,0.09453828551034482,0.942221800124112,0.3912186466965249
cross_train_C2_C3_test_C1,selected_top60,v_max_abs,time,0.5562297765797268,0.04645019759409119,0.9370711725446501,0.3904020845819649
cross_train_C2_C3_test_C1,selected_top60,h_max,time,0.5632659509208072,0.03647639646853652,0.9282050735714144,0.38904404140495963
cross_train_C2_C3_test_C1,selected_top60,h_wpt_l3_b1_energy,wavelet,0.5269682582013213,0.08066141159886314,0.9315014350474843,0.38889883724495433
cross_train_C2_C3_test_C1,selected_top60,h_wav_ca3_energy,wavelet,0.5269682582013213,0.08066141159886314,0.9315014350474843,0.38889883724495433
cross_train_C2_C3_test_C1,selected_top60,v_wav_cd3_energy,wavelet,0.5186123516290624,0.08770743561323309,0.9420770593963,0.3885968559994544
cross_train_C2_C3_test_C1,selected_top60,v_wpt_l3_b2_energy,wavelet,0.5186123516290624,0.08770743561323309,0.9420770593963,0.3885968559994544
cross_train_C2_C3_test_C1,selected_top60,v_max,time,0.5525386970659215,0.04761859913059946,0.9320305537273526,0.3885198435579358
cross_train_C2_C3_test_C1,selected_top60,h_max_abs,time,0.5606992505054805,0.03574382144006408,0.932067979900217,0.38785395181878757
cross_train_C2_C3_test_C1,selected_top60,v_spectral_energy,frequency,0.5144936433426146,0.08377143189880386,0.9634531304398477,0.3871007074748136
cross_train_C2_C3_test_C1,selected_top60,v_energy,time,0.5144798086399631,0.08308752769207356,0.9636263075975685,0.38683754615656785
cross_train_C2_C3_test_C1,selected_top60,v_wpt_l3_b6_energy,wavelet,0.5273384599148694,0.06914401707141657,0.9496924731535639,0.3862960841013577
cross_train_C2_C3_test_C1,selected_top60,h_wav_ca3_var,wavelet,0.526856019054076,0.0696013983248426,0.9331576069048545,0.3845843295474605
cross_train_C2_C3_test_C1,selected_top60,v_spectral_entropy,frequency,0.5288807764747239,0.05073424117751228,0.9834108060231541,0.3830751653106823
cross_train_C2_C3_test_C1,selected_top60,v_wpt_l3_b1_energy,wavelet,0.5209646263933234,0.07295947614705513,0.9260869712397128,0.382274800779455
cross_train_C2_C3_test_C1,selected_top60,v_wav_ca3_energy,wavelet,0.5209646263933234,0.07295947614705513,0.9260869712397128,0.382274800779455
